City, State
Abbeville, LA
Abbotsford, WI
Aberdeen, ID
Aberdeen, MS
Aberdeen, SD
Aberdeen, WA
Abilene, KS
Abilene, TX
Abington, MA
Ackerman, MS
Ackley, IA
Acton, MA
Ada, OH
Ada, OK
Addison, IL
Adel, IA
Adrian, MI
Adrian, MN
Adrian, MO
Agawam Town, MA
Agoura Hills, CA
Ahoskie, NC
Aiken, SC
Ainsworth, NE
Aitkin, MN
Ajo, AZ
Akron, CO
Akron, IA
Akron, OH
Alachua, FL
Alameda, CA
Alamo, GA
Alamogordo, NM
Alamosa, CO
Albano, KS
Albany, GA
Albany, KY
Albany, MN
Albany, NY
Albany, OR
Albany, TX
Albemarle, NC
Albert Lea, MN
Albertville, AL
Albia, IA
Albion, IL
Albion, IN
Albion, NE
Albuquerque, NM
Alden, MN
Alden, NY
Aledo, IL
Alexander City, AL
Alexandria, IN
Alexandria, LA
Alexandria, MN
Alexandria, VA
Algona, IA
Algonac, MI
Alhambra, CA
Alice, TX
Allegan, MI
Allen, TX
Allentown, NJ
Allentown, PA
Alliance, NE
Alliance, OH
Allison, IA
Alma, CO
Alma, GA
Alma, KS
Alpena, MI
Alpharetta, GA
Alpine, CA
Alpine, TX
Altamont, IL
Alton, IL
Alton, NH
Altoona, IA
Altoona, PA
Alturas, CA
Altus, OK
Alva, OK
Alvin, TX
Amarillo, TX
Amboy, IL
Amelia Court House, VA
American Canyon, CA
American Falls, ID
Americus, GA
Ames, IA
Amherst, MA
Amherst, NY
Amite City, LA
Amity, AR
Amityville, NY
Amsterdam, MT
Amsterdam, NY
Anamosa, IA
Anchor Bay, CA
Anchorage, AK
Andalusia, AL
Anderson, IN
Anderson, SC
Andes, NY
Andover, MA
Andover, NH
Andover, NJ
Andrews, NC
Andrews, TX
Angel Fire, NM
Angleton, TX
Angola, IN
Ann Arbor, MI
Anna Maria, FL
Anna, IL
Annandale, MN
Annapolis, MD
Anniston, AL
Anoka, MN
Antelope, CA
Anthony, KS
Antigo, WI
Antioch, CA
Antlers, OK
Antwerp, OH
Apache Junction, AZ
Apalachicola, FL
Apopka, FL
Apple Valley, CA
Apple Valley, MN
Appleton, WI
Arab, AL
Aransas Pass, TX
Arapahoe, NE
Arcade, NY
Arcata, CA
Archbold, OH
Arcola, IL
Arden Hills, MN
Ardmore, OK
Ardmore, PA
Arizona City, AZ
Arkadelphia, AR
Arkansas City, KS
Arlington Heights, IL
Arlington, MA
Arlington, MN
Arlington, VA
Arlington, WA
Arnold, NE
Artesia, NM
Arvada, CO
Arvon, MI
Ash Grove, MO
Ashburn, GA
Asheboro, NC
Asheville, NC
Ashland City, TN
Ashland, KY
Ashland, MA
Ashland, MO
Ashland, MS
Ashland, NE
Ashland, OH
Ashland, OR
Ashland, WI
Ashley, ND
Ashtabula, OH
Ashton, IL
Aspen Park, CO
Aspen, CO
Astoria, IL
Astoria, OR
Atascadero, CA
Atchison, KS
Athens, AL
Athens, GA
Athens, OH
Athens, TN
Athens, TX
Athol, MA
Atkins, AR
Atkinson, ME
Atkinson, NE
Atlanta, GA
Atlantic, IA
Atmore, AL
Attica, IN
Attleboro, MA
Auburn, AL
Auburn, CA
Auburn, IN
Auburn, MA
Auburn, NY
Audubon, IA
Augusta, GA
Augusta, KS
Augusta, ME
Augusta, WI
Aurora, CO
Aurora, IL
Aurora, MO
Aurora, NE
Aurora, OH
Austin, MN
Austin, TX
Ava, MO
Avalon, CA
Aventura, FL
Avon, MA
Ayer, MA
Babylon, NY
Bad Axe, MI
Bainbridge Island, WA
Bainbridge, GA
Baker City, OR
Baker, MT
Bakersfield, CA
Baldwin City, KS
Baldwin, MI
Baldwin, NY
Baldwinsville, NY
Ballston Spa, NY
Baltimore, MD
Bandera, TX
Bangor, ME
Banning, CA
Baraboo, WI
Barberton, OH
Barbourville, KY
Bardstown, KY
Barnesville, GA
Barnesville, MN
Barnet, VT
Barnstable Town, MA
Barnwell, SC
Barre, VT
Barrington, IL
Barron, WI
Barstow, CA
Bartlesville, OK
Bartlett, IL
Barton, VT
Bartow, FL
Bartow, GA
Basile, LA
Bastrop, LA
Bastrop, TX
Batavia, NY
Batavia, OH
Batesburg-Leesville, SC
Batesville, AR
Batesville, IN
Batesville, MS
Bath (Berkeley Springs), WV
Bath, ME
Bath, NY
Baton Rouge, LA
Battle Creek, MI
Battle Ground, WA
Battle Mountain, NV
Baudette, MN
Baxley, GA
Baxter Springs, KS
Bay City, MI
Bay City, TX
Bay Mills, MI
Bay Minette, AL
Bay Point, CA
Bay St. Louis, MS
Bayfield, CO
Bayonne, NJ
Baytown, TX
Bear Valley Springs, CA
Bearden, AR
Beardstown, IL
Beatrice, NE
Beaufort, SC
Beaumont, TX
Beaver Dam, WI
Beaver, PA
Beavercreek, OH
Beaverton, OR
Beckley, WV
Bedford, IA
Bedford, IN
Bedford, KY
Bedford, MA
Bedford, NH
Bedford, NY
Bedford, VA
Beebe, AR
Beeville, TX
Bel Air, MD
Belen, NM
Belfast, ME
Belgrade, MN
Belgrade, MT
Bella Vista, AR
Bellaire, MI
Belle Fourche, SD
Belle Mead, NJ
Belle Plaine, IA
Belle Plaine, MN
Belleair, FL
Bellefontaine, OH
Belleview, FL
Belleville, IL
Belleville, KS
Belleville, MI
Bellevue, IA
Bellevue, NE
Bellevue, WA
Bellingham, MA
Bellingham, WA
Bellmore, NY
Belmond, IA
Belmont, MA
Belmont, NY
Beloit, WI
Belvue (Township), KS
Belzoni, MS
Bemidji, MN
Bend, OR
Benicia, CA
Bennettsville, SC
Bennington, VT
Bensenville, IL
Benson, AZ
Benson, MN
Benton Harbor, MI
Benton, AR
Benton, IL
Benton, KY
Bentonville, AR
Berkeley, CA
Berkeley, IL
Berkeley, NJ
Berkley, MA
Berlin, CT
Berlin, MD
Berlin, NH
Bernardsville, NJ
Berne, IN
Berrien Springs, MI
Berryville, AR
Berthoud, CO
Berwyn, IL
Bethany, MO
Bethel, AK
Bethel, CT
Bethel, ME
Bettendorf, IA
Beulah, ND
Beverly Hills, CA
Beverly, MA
Biddeford, ME
Big Bear Lake, CA
Big Lake, MN
Big Lake, TX
Big Rapids, MI
Big Sky, MT
Big Spring, TX
Big Stone Gap, VA
Big Timber, MT
Bigfork, MT
Billerica, MA
Billings, MT
Biloxi, MS
Binghamton, NY
Bird City, KS
Birmingham, AL
Birmingham, MI
Bisbee, AZ
Bishop, CA
Bismarck, ND
Black Forest, CO
Black Mountain, NC
Black River Falls, WI
Blackduck, MN
Blackfoot, ID
Blackshear, GA
Blackwell, OK
Blaine, MN
Blaine, WA
Blair, NE
Blairsville, GA
Blakely, GA
Blanco, TX
Bland, VA
Blissfield, MI
Bloomer, WI
Bloomfield, CT
Bloomfield, IA
Blooming Grove, NY
Blooming Prairie, MN
Bloomingburg, OH
Bloomingdale, IL
Bloomingdale, IN
Bloomington, IL
Bloomington, IN
Bloomington, MN
Bloomsburg, PA
Blountstown, FL
Blountville, TN
Blue Earth, MN
Blue Hill, ME
Blue Ridge, GA
Blue Springs-Wymore, NE
Bluefield, WV
Bluffton, IN
Bluffton, SC
Blythe, CA
Blytheville, AR
Boca Raton, FL
Bodega Bay, CA
Boerne, TX
Bogalusa, LA
Boise City, ID
Bokeelia, FL
Bolingbrook, IL
Bolivar, IN
Bolivar, MO
Bolton, MA
Bon Air, VA
Bonham, TX
Bonifay, FL
Bonita Springs, FL
Bonners Ferry, ID
Bonney Lake, WA
Boone, IA
Boone, NC
Booneville, AR
Boonville, MO
Boonville, NY
Boothbay Harbor, ME
Borger, TX
Bossier City, LA
Boston, MA
Boulder City, NV
Boulder, CO
Boulder, MT
Boulevard Park, WA
Bountiful, UT
Bourbon, IN
Bourne, MA
Boutte, LA
Bovey, MN
Bow, NH
Bowie, TX
Bowling Green, KY
Bowling Green, MO
Bowling Green, OH
Box Canyon, TX
Boxborough, MA
Boxford, MA
Boyne City, MI
Bozeman, MT
Bradenton, FL
Bradford, PA
Bradford, VT
Brady, TX
Braidwood, IL
Brainerd, MN
Brandenburg, KY
Brandon, FL
Brandon, MS
Brandon, SD
Branford, CT
Branson, MO
Braselton, GA
Brattleboro, VT
Brazil, IN
Breckenridge, TX
Bremen, GA
Bremerton, WA
Brenham, TX
Brentwood, CA
Brevort, MI
Brewster, MA
Brewton, AL
Brick Center, CO
Brick, NJ
Bridge City, TX
Bridgeport, CT
Bridgeport, NE
Bridgeton, NJ
Bridgewater, MA
Bridgewater, NJ
Bridgton, ME
Brigantine, NJ
Brigham City, UT
Brighton, CO
Brinkley, AR
Bristol, CT
Bristol, FL
Bristol, VA
Britt, IA
Broadview, IL
Brockton, MA
Brodhead, WI
Broken Arrow, OK
Broken Bow, NE
Bronson, FL
Brookfield, IL
Brookfield, MO
Brookhaven, GA
Brookhaven, MS
Brookings, OR
Brookings, SD
Brookline, MA
Brooklyn Center, MN
Brooklyn, MI
Brooklyn, NY
Brookside, CO
Brooksville, FL
Brooksville, KY
Brookville, IN
Brookville, PA
Broomfield, CO
Brown City, MI
Brownfield, TX
Browning, MT
Brownstown, IN
Brownsville, TX
Brownwood, TX
Bruce, MI
Bruce, MS
Brunswick, GA
Brunswick, ME
Brush, CO
Bryan, OH
Bryan, TX
Bryant, AR
Bryson City, NC
Buckeye Lake, OH
Buckingham, PA
Bucksport, ME
Bucyrus, OH
Buena Vista, CO
Buffalo Center, IA
Buffalo Grove, IL
Buffalo, MN
Buffalo, MO
Buffalo, NY
Bullard, TX
Bullhead City, AZ
Bunkie, LA
Burbank, CA
Burgaw, NC
Burke, VA
Burkesville, KY
Burley, ID
Burlington, CO
Burlington, IA
Burlington, KS
Burlington, MA
Burlington, NC
Burlington, VT
Burnet, TX
Burney, CA
Burns, OR
Burnsville, MN
Burr Ridge, IL
Bushnell, FL
Butler, IN
Butler, MO
Butler, PA
Butte, MT
Byron, IL
Byron, MN
Cabool, MO
Cabot, AR
Cade, LA
Cadillac, MI
Cadiz, KY
Cadiz, OH
Cairo, GA
Cairo, IL
Calais, ME
Caldwell, NJ
Caldwell, TX
Caledonia, MN
Calhoun, GA
Calhoun, KY
Calico Rock, AR
Caliente, NV
California City, CA
California, MO
Calistoga, CA
Callahan, FL
Callicoon, NY
Calmar, IA
Calvert City, KY
Camarillo, CA
Camas, WA
Cambria, CA
Cambridge, IL
Cambridge, MA
Cambridge, MD
Cambridge, MN
Cambridge, OH
Camden, AR
Camden, ME
Camden, SC
Camdenton, MO
Cameron, LA
Cameron, MO
Cameron, TX
Camp Verde, AZ
Campbell, CA
Campbellsville, KY
Camptown, VA
Canandaigua, NY
Canby, OR
Caney, KS
Cannon Beach, OR
Cannon Falls, MN
Canton, GA
Canton, IL
Canton, MA
Canton, MO
Canton, OH
Cape Coral, FL
Cape Elizabeth, ME
Cape Girardeau, MO
Cape May, NJ
Captiva, FL
Carbon Hill, AL
Carbondale, CO
Carbondale, IL
Carey, OH
Caribou, ME
Carlinville, IL
Carlisle, AR
Carlisle, MA
Carlisle, MN
Carlisle, PA
Carlsbad, NM
Carmel, IN
Carmi, IL
Carmichael, CA
Carnegie, PA
Caro, MI
Carol Stream, IL
Carolina Beach, NC
Carpinteria, CA
Carrizo Springs, TX
Carroll, IA
Carrollton, AL
Carrollton, GA
Carrollton, IL
Carrollton, MS
Carrollton, OH
Carrollwood, FL
Carson City, NV
Cartersville, GA
Carthage, IL
Carthage, MO
Carthage, MS
Carthage, TN
Caruthersville, MO
Carver, MA
Cary, NC
Casa Grande, AZ
Cascade, IA
Cascade, MT
Casey, IL
Cashiers, NC
Cashmere, WA
Cass City, MI
Cass Lake, MN
Cassopolis, MI
Cassville, MO
Castle Dale, UT
Castle Rock, CO
Castleton-on-Hudson, NY
Catonsville, MD
Catskill, NY
Cave Creek, AZ
Cazenovia, NY
Cañada de los Alamos, NM
Cedar Grove, NJ
Cedar Key, FL
Cedar Park, TX
Cedar Rapids, IA
Cedar Springs, MI
Celina, OH
Center Line, MI
Center, ND
Centerville, IA
Central Islip, NY
Central Square, NY
Central, LA
Centralia, MO
Centralia, WA
Centre, AL
Centreville, MD
Centreville, VA
Ceres, CA
Cerritos, CA
Chadron, NE
Chagrin Falls, OH
Challis, ID
Chamberlain, SD
Chambersburg, PA
Champaign, IL
Chandler, AZ
Chandler, TX
Chanhassen, MN
Chanute, KS
Chapel Hill, NC
Chariton, IA
Charles City, IA
Charles Town, WV
Charleston, AR
Charleston, IL
Charleston, MO
Charleston, MS
Charleston, SC
Charleston, WV
Charlestown (CDP), RI
Charlestown, IN
Charlevoix, MI
Charlotte, NC
Charlottesville, VA
Charlton, MA
Chaska, MN
Chatfield, MN
Chatham, MA
Chatham, NJ
Chatham, NY
Chatom, AL
Chatsworth, IL
Chattanooga, TN
Cheboygan, MI
Cheektowaga, NY
Chelan, WA
Chelmsford, MA
Chelsea, MA
Cheney, KS
Cheney, WA
Cherokee Village, AR
Cherokee, IA
Cherry Hill, NJ
Chesaning, MI
Cheshire, CT
Chester, IL
Chester, MT
Chester, NH
Chester, NJ
Chester, SC
Chester, VT
Chesterfield, MO
Chesterton, IN
Chestertown, MD
Chetek, WI
Chicago Heights, IL
Chicago, IL
Chickasha, OK
Chico, CA
Chicopee, MA
Chiefland, FL
Chillicothe, IL
Chillicothe, MO
Chillicothe, OH
Chino Valley, AZ
Chino, CA
Chipley, FL
Chippewa Falls, WI
Choteau, MT
Chouteau, OK
Chowchilla, CA
Christiansburg, VA
Chula Vista, CA
Churubusco, IN
Cicero, IL
Cincinnati, OH
Circle Pines, MN
Circleville, OH
Citronelle, AL
Citrus Heights, CA
City of Creede, CO
Clanton, AL
Clare, MI
Claremont, CA
Claremont, NH
Claremore, OK
Clarence Center, NY
Clarendon Hills, IL
Clarendon, TX
Clarinda, IA
Clarion, IA
Clarion, PA
Clarissa, MN
Clarks Summit, PA
Clarksburg, WV
Clarksdale, MS
Clarksville, AR
Clarksville, TN
Clatskanie, OR
Claxton, GA
Clay Center, KS
Clay City, KY
Clayton, AL
Clayton, GA
Clayton, NC
Cle Elum, WA
Clear Lake, IA
Clearfield, PA
Clearlake, CA
Clearwater, FL
Clearwater, NE
Cleburne, TX
Clermont, FL
Cleveland Heights, OH
Cleveland, GA
Cleveland, MS
Cleveland, OH
Cleveland, TN
Cleveland, TX
Clewiston, FL
Clifton, IL
Clifton, TX
Clinton, AR
Clinton, IA
Clinton, IL
Clinton, LA
Clinton, MA
Clinton, MS
Clinton, NC
Clinton, NJ
Clinton, OK
Clinton, SC
Clintwood, VA
Cloquet, MN
Cloudcroft, NM
Cloverdale, CA
Cloverdale, IN
Clovis, CA
Clovis, NM
Clute, TX
Coal City, IL
Cobleskill, NY
Cochran, GA
Coeur d'Alene, ID
Cohasset, MA
Cokato, MN
Cold Spring, MN
Cold Spring, NY
Coldwater, MI
Colebrook, NH
Colfax, CA
Collingswood, NJ
Colorado Springs, CO
Colquitt, GA
Columbia City, IN
Columbia City, OR
Columbia Falls, MT
Columbia Heights, MN
Columbia, KY
Columbia, MD
Columbia, MO
Columbia, MS
Columbia, SC
Columbia, TN
Columbiana, AL
Columbine, CO
Columbus Junction, IA
Columbus, GA
Columbus, IN
Columbus, MS
Columbus, MT
Columbus, NE
Columbus, OH
Columbus, TX
Colusa, CA
Colville, WA
Commerce City, CO
Commerce, GA
Compton, CA
Concord, MA
Concord, NC
Concord, NH
Concordia, KS
Concordia, MO
Concrete, WA
Connersville, IN
Conrad, MT
Conway Springs, KS
Conway, AR
Conyers, GA
Cookeville, TN
Coolidge, AZ
Coon Rapids, MN
Cooperstown, NY
Coos Bay, OR
Coppell, TX
Copperas Cove, TX
Coral Springs, FL
Corbin, KY
Cordele, GA
Cordova, AK
Corinth, MS
Cornelia, GA
Corning, CA
Corning, IA
Corning, NY
Corona de Tucson, AZ
Coronado, CA
Corpus Christi, TX
Corsicana, TX
Corte Madera, CA
Cortez, CO
Cortland, NY
Cortland, OH
Corvallis, OR
Corydon, IA
Corydon, IN
Coshocton, OH
Costa Mesa, CA
Cottage Grove, MN
Cottage Grove, OR
Cottonwood, AZ
Cottonwood, ID
Coudersport, PA
Council Bluffs, IA
Council, ID
Countryside, IL
Coupeville, WA
Courtland, VA
Coventry, RI
Covington, GA
Covington, KY
Covington, TN
Covington, VA
Coweta, OK
Cozad, NE
Craig, CO
Cranberry, PA
Cranbury, NJ
Crawfordsville, IN
Crawfordville, FL
Creedmoor, NC
Creighton, NE
Crescent City, CA
Cresco, IA
Crested Butte, CO
Creston, IA
Crestview, FL
Creswell, OR
Creve Coeur, MO
Crisfield, MD
Crockett, TX
Crofton, MD
Crofton, NE
Crookston, MN
Crosby, MN
Crosby, ND
Crossett, AR
Crossville, TN
Crowley, LA
Crozet, VA
Crystal City, TX
Crystal Lake, IL
Crystal River, FL
Crystal Springs, MS
Cuba, MO
Cuero, TX
Cullman, AL
Culpeper, VA
Culver City, CA
Culver, IN
Cumberland, MD
Cumberland, RI
Cumberland, WI
Cumming, GA
Cupertino, CA
Cut Bank, MT
Cynthiana, KY
Dadeville, AL
Dahlonega, GA
Daingerfield, TX
Daleville, AL
Dalhart, TX
Dallas, GA
Dallas, OR
Dallas, PA
Dallas, TX
Dalton, GA
Damariscotta, ME
Dana Point, CA
Danbury, CT
Danbury, IA
Danielsville, GA
Dansville, NY
Danvers, MA
Danville, CA
Danville, IL
Danville, KY
Danville, VA
Darien, CT
Darien, IL
Davenport, IA
David City, NE
Davie, FL
Davis, CA
Davison, MI
Dawson Springs, KY
Dawsonville, GA
Dayton, NV
Dayton, OH
Dayton, TN
Daytona Beach, FL
De Kalb, MS
De Leon, TX
De Motte, IN
De Queen, AR
De Soto, KS
DeKalb, IL
DeLand, FL
DeQuincy, LA
DeRidder, LA
DeWitt, AR
DeWitt, IA
Dearborn, MI
Decatur, AL
Decatur, GA
Decatur, IL
Decatur, IN
Decatur, TX
Decorah, IA
Deer Lodge, MT
Deer Park, CA
Deer Park, WA
Deer River, MN
Deerfield, IL
Defiance, OH
Del Mar, CA
Del Norte, CO
Del Rio, TX
Delaware, OH
Delphos, OH
Delray Beach, FL
Delta Junction, AK
Delta, CO
Deming, NM
Demopolis, AL
Denham Springs, LA
Denison, IA
Dennis, MA
Denton, MD
Denton, NC
Denton, TX
Denver, CO
Denver, IA
Denver, NC
Denville, NJ
Derby, KS
Derry, NH
Des Moines, IA
Des Plaines, IL
Destin, FL
Detroit Lakes, MN
Detroit, MI
Devils Lake, ND
Dexter, ME
Diboll, TX
Dickinson, ND
Dickson, TN
Dighton, MA
Dillingham, AK
Dillon, MT
Dillon, SC
Dimmick, IL
Divide, CO
Dixon, CA
Dixon, IL
Dixon, MO
Dobbs Ferry, NY
Dodge Center, MN
Dodge City, KS
Donaldsonville, LA
Donalsonville, GA
Doniphan, NE
Dothan, AL
Douglas, AZ
Douglas, GA
Douglasville, GA
Dove Creek, CO
Dover, AR
Dover, DE
Dover, MN
Dover, VT
Downers Grove, IL
Downey, CA
Downieville, CA
Doylestown, PA
Draper, UT
Dresden, TN
Driggs, ID
Du Quoin, IL
DuBois, PA
Dublin, GA
Dublin, TX
Dubuque, IA
Duluth, MN
Dumas, TX
Duncan, OK
Dundalk, MD
Dundee, MI
Dundee, NY
Dunkirk, NY
Dunn, NC
Dunwoody, GA
Durand, WI
Durango, CO
Durant, OK
Durham, NC
Duxbury, MA
Dyersburg, TN
Dyersville, IA
Dysart, IA
Eads, CO
Eagle Grove, IA
Eagle Lake, TX
Eagle River, WI
Eagle, CO
Eagle, ID
East Aurora, NY
East Bridgewater, MA
East Brunswick, NJ
East Ellijay, GA
East Falmouth, MA
East Gaffney, SC
East Galena, IL
East Galesburg, IL
East Globe, AZ
East Grand Forks, MN
East Grand Rapids, MI
East Greenwich, RI
East Griffin, GA
East Hampton, NY
East Hanover, PA
East Hartford, CT
East Harwich, MA
East Haven, CT
East Helena, MT
East Hemet, CA
East Honolulu, HI
East Ithaca, NY
East Kingston, NH
East Kingston, NY
East Lansing, MI
East Laurinburg, NC
East Lexington, VA
East Lincoln, IL
East Liverpool, OH
East Longmeadow, MA
East Los Angeles, CA
East Machias, ME
East Massapequa, NY
East Meadow, NY
East Merrimack, NH
East Middlebury, VT
East Millinocket, ME
East Milton, FL
East Missoula, MT
East Moline, IL
East Nassau, NY
East Newark, NJ
East Newnan, GA
East Norwich, NY
East Oakdale, CA
East Palatka, FL
East Palo Alto, CA
East Pasadena, CA
East Patchogue, NY
East Pennsboro, PA
East Peoria, IL
East Pepperell, MA
East Pittsburgh, PA
East Point, GA
East Port Orchard, WA
East Porterville, CA
East Providence, RI
East Quincy, CA
East Rochester, NY
East Rockaway, NY
East Rockingham, NC
East Rutherford, NJ
East Sandwich, MA
East Sonora, CA
East Springfield, OH
East Stroudsburg, PA
East Sumter, SC
East Syracuse, NY
East Uniontown, PA
East Washington, KS
East Washington, PA
East Wenatchee, WA
East Whittier, CA
East Williston, FL
East Windsor, NJ
East York, PA
Eastham, MA
Eastman, GA
Easton, CT
Easton, MA
Easton, MD
Eastport, ME
Eaton, CO
Eaton, OH
Eatonton, GA
Eatonville, WA
Eau Claire, WI
Eddyville, KY
Eden Prairie, MN
Edgar, WI
Edgartown, MA
Edgefield, SC
Edgerton, MN
Edina, MN
Edina, MO
Edison, NJ
Edmond, OK
Edmonds, WA
Edwardsville, IL
Effingham, IL
El Cajon, CA
El Campo, TX
El Centro, CA
El Dorado Hills, CA
El Dorado Springs, MO
El Dorado, AR
El Mesquite, TX
El Monte, CA
El Paso de Robles (Paso Robles), CA
El Paso, TX
El Reno, OK
El Segundo, CA
El Valle de Arroyo Seco, NM
Elba, AL
Elberton, GA
Elbow Lake, MN
Elburn, IL
Eldersburg, MD
Eldon, MO
Eldorado at Santa Fe, NM
Eldorado, TX
Eldridge, IA
Elgin, IA
Elgin, IL
Elgin, NE
Elgin, TX
Elizabeth City, NC
Elizabeth, CO
Elizabethton, TN
Elizabethtown, KY
Elizabethtown, NC
Elk Grove Village, IL
Elk Grove, CA
Elk River, MN
Elkader, IA
Elkhart, IN
Elkhorn, NE
Elkin, NC
Elkins, WV
Elko, NV
Elkton, MD
Ellensburg, WA
Ellenville, NY
Ellicottville, NY
Ellington, MO
Ellsworth, KS
Ellsworth, ME
Ellsworth, WI
Ellwood City, PA
Elm Grove, OK
Elmhurst, IL
Elmira, NY
Elmwood Park, IL
Eloy, AZ
Elsberry, MO
Elwood, IN
Ely, MN
Ely, NV
Elyria, OH
Eminence, KY
Eminence, MO
Emlenton, PA
Emmetsburg, IA
Emmett, ID
Emmitsburg, MD
Emory, TX
Emporia, KS
Emporium, PA
Encinitas, CA
Englewood, CO
Englewood, FL
Englewood, OH
Enid, OK
Ennis, MT
Ennis, TX
Enterprise, AL
Enterprise, OR
Enumclaw, WA
Erie, CO
Erie, PA
Erwin, TN
Escalon, CA
Escanaba, MI
Escondido, CA
Essex, CT
Essex, MA
Essex, MD
Estes Park, CO
Estherville, IA
Eufaula, AL
Eugene, OR
Eunice, LA
Eupora, MS
Eureka Springs, AR
Eureka, CA
Eureka, IL
Eureka, KS
Eureka, MT
Eureka, NV
Evanston, IL
Evansville, IN
Everett, MA
Everett, WA
Evergreen, CO
Excelsior, MN
Exeter, CA
Exeter, NH
Fairbanks, AK
Fairborn, OH
Fairbury, NE
Fairfax, MN
Fairfax, VA
Fairfax, VT
Fairfield Bay, AR
Fairfield, CA
Fairfield, CT
Fairfield, IA
Fairfield, MT
Fairfield, TX
Fairmont, MN
Fairmont, WV
Fall River Mills, CA
Fall River, MA
Fallbrook, CA
Fallon, NV
Falls Church, VA
Falls City, NE
Falmouth, KY
Falmouth, MA
Falmouth, ME
Fargo, ND
Faribault, MN
Farmersville, TX
Farmerville, LA
Farmingdale, NJ
Farmington, AR
Farmington, ME
Farmington, MN
Farmington, MO
Farmington, NM
Farmville, VA
Fayette, AL
Fayette, IA
Fayette, MO
Fayette, PA
Fayetteville, AR
Fayetteville, GA
Fayetteville, NC
Fayetteville, NY
Fayetteville, TN
Federal Way, WA
Fenton, MI
Ferdinand, IN
Fergus Falls, MN
Fernandina Beach, FL
Ferndale, CA
Ferndale, MI
Ferriday, LA
Ferris, TX
Fillmore, CA
Fincastle, VA
Findlay, OH
First Mesa, AZ
Fishers, IN
Fitchburg, MA
Fitzgerald, GA
Flagstaff, AZ
Flandreau, SD
Flemington, NJ
Flint, MI
Flippin, AR
Flora, IL
Flora, IN
Florence, AL
Florence, AZ
Florence, OR
Florence, SC
Florence, WI
Floresville, TX
Florham Park, NJ
Florissant, MO
Flower Hill, NY
Flowood, MS
Floyd, VA
Floydada, TX
Foley, MN
Folkston, GA
Folsom, CA
Folsom, PA
Fond du Lac, WI
Fontana, CA
Forest City, IA
Forest City, NC
Forest Lake, MN
Forest Park, IL
Forest, MS
Forks, WA
Forrest City, AR
Forsyth, GA
Fort Atkinson, WI
Fort Benton, MT
Fort Bragg, CA
Fort Collins, CO
Fort Deposit, AL
Fort Dodge, IA
Fort Hall, ID
Fort Lauderdale, FL
Fort Lupton, CO
Fort Madison, IA
Fort Meade, FL
Fort Mill, SC
Fort Morgan, CO
Fort Myers Beach, FL
Fort Myers, FL
Fort Payne, AL
Fort Pierce, FL
Fort Pierre, SD
Fort Plain, NY
Fort Scott, KS
Fort Smith, AR
Fort Stockton, TX
Fort Walton Beach, FL
Fort Washington, PA
Fort Wayne, IN
Fort White, FL
Fort Worth, TX
Fortuna, CA
Fostoria, OH
Fountain Hills, AZ
Fowler, CO
Fox, PA
Foxborough, MA
Framingham, MA
Frankenmuth, MI
Frankfort, IL
Frankfort, IN
Frankfort, KY
Frankfort, MI
Franklin Park, IL
Franklin Square, NY
Franklin Town, MA
Franklin, IN
Franklin, KY
Franklin, LA
Franklin, NC
Franklin, NJ
Franklin, TN
Franklin, VA
Frankston, TX
Fraser, MI
Frazee, MN
Frazier Park, CA
Frederic, WI
Frederick, MD
Frederick, OK
Fredericksburg, TX
Fredericksburg, VA
Fredericktown, MO
Freeburg, IL
Freeman, SD
Freeport, IL
Freeport, NY
Fremont, CA
Fremont, MI
Fremont, NE
Fremont, OH
French Lick, IN
Fresno, CA
Friday Harbor, WA
Friend, NE
Friendswood, TX
Friona, TX
Frisco, CO
Frisco, TX
Fruitland, MD
Fulda, MN
Fullerton, CA
Fulton, MO
Fulton, MS
Fulton, NY
Gadsden, AL
Gainesville, FL
Gainesville, GA
Gainesville, MO
Gainesville, TX
Galax, VA
Galena, KS
Galion, OH
Gallatin, MO
Gallatin, TN
Gallipolis, OH
Gallup, NM
Galt, CA
Galva, IL
Galveston, TX
Garberville, CA
Garden City, KS
Garden City, NY
Gardena, CA
Gardendale, AL
Gardner, MA
Gardnerville, NV
Garfield, NJ
Garrett, IN
Gary, IN
Gastonia, NC
Gate City, VA
Gates, NY
Gatesville, TX
Gaylord, MI
Geneseo, IL
Geneseo, NY
Geneva, AL
Geneva, NE
Geneva, NY
Georgetown, DE
Georgetown, IL
Georgetown, KY
Georgetown, MA
Georgetown, OH
Georgetown, SC
Georgetown, TX
Gering, NE
Gettysburg, PA
Gibbon, NE
Gibson City, IL
Gig Harbor, WA
Gilbert, AZ
Gilbertown, AL
Gilman, IL
Gilmer, TX
Gilroy, CA
Gladbrook, IA
Gladwin, MI
Glasgow, KY
Glasgow, MT
Glastonbury, CT
Glen Ellyn, IL
Glencoe, IL
Glencoe, MN
Glendale Heights, IL
Glendale, AZ
Glendale, CA
Glendive, MT
Glennville, GA
Glens Falls, NY
Glenview, IL
Glenwood Springs, CO
Glenwood, IA
Glenwood, MN
Gloucester, MA
Gloversville, NY
Goffstown, NH
Gold Beach, OR
Gold River, CA
Golden, CO
Goldendale, WA
Goldsboro, NC
Goldthwaite, TX
Gonzales, CA
Gonzales, LA
Gonzales, TX
Goodyear, AZ
Goose Creek, SC
Goreville, IL
Gorham, ME
Goshen, IN
Gothenburg, NE
Gouverneur, NY
Graford, TX
Grafton, MA
Grafton, WV
Graham, TX
Granbury, TX
Granby, CO
Grand Blanc, MI
Grand Forks, ND
Grand Haven, MI
Grand Island, NE
Grand Island, NY
Grand Junction, CO
Grand Marais, MN
Grand Rapids, MN
Grandview, MO
Grandview, WA
Grangeville, ID
Granite Falls, MN
Granite Falls, NC
Grants Pass, OR
Grants, NM
Grantsburg, WI
Grantsville, WV
Granville, IL
Granville, OH
Grass Valley, CA
Gravette, AR
Gray, GA
Grayhawk, MO
Grayling, MI
Grayslake, IL
Grayson, KY
Great Barrington, MA
Great Bend, KS
Great Falls, MT
Great Falls, VA
Great Neck, NY
Greece, NY
Greeley, CO
Green Bay, WI
Green Valley, AZ
Greenbelt, MD
Greenbush, MN
Greencastle, IN
Greencastle, PA
Greeneville, TN
Greenfield Town, MA
Greenfield, CA
Greenfield, IA
Greenfield, IN
Greenfield, MO
Greensboro, NC
Greensburg, IN
Greensburg, KS
Greensburg, KY
Greensburg, LA
Greenville, AL
Greenville, MI
Greenville, MS
Greenville, NC
Greenville, OH
Greenville, SC
Greenville, TX
Greenwich, CT
Greenwood Village, CO
Greenwood, AR
Greenwood, MS
Greenwood, SC
Greer, SC
Gregory, SD
Grenada, MS
Gresham, OR
Gretna, NE
Gridley, CA
Grinnell, IA
Groesbeck, TX
Grosse Pointe Farms, MI
Groton, MA
Groton, SD
Grove Hill, AL
Grundy Center, IA
Gueydan, LA
Guilford, CT
Gulf Breeze, FL
Gulf Shores, AL
Gulfport, FL
Gunnison, CO
Guntersville, AL
Gurdon, AR
Guttenberg, IA
Guymon, OK
Hackensack, NJ
Haddonfield, NJ
Hagerstown, MD
Haines, AK
Haleiwa, HI
Haleyville, AL
Half Moon Bay, CA
Halifax, MA
Hallock, MN
Halstead, KS
Hamburg, AR
Hamburg, IA
Hamburg, NY
Hamden, CT
Hamilton, MA
Hamilton, MO
Hamilton, MT
Hamilton, NY
Hamilton, OH
Hamilton, PA
Hamilton, TX
Hammond, LA
Hammonton, NJ
Hampstead, NC
Hampstead, NH
Hampton, IA
Hampton, NH
Hampton, VA
Hancock, MN
Hanford, CA
Hannibal, MO
Hanover Park, IL
Hanover, MA
Hanover, VA
Hanson, MA
Harbor Springs, MI
Hardin, IL
Hardin, MT
Harlan, IA
Harlan, KY
Harlingen, TX
Harrisburg, IL
Harrisburg, PA
Harrison, AR
Harrisonburg, VA
Harrisonville, MO
Harrisville, MI
Harrodsburg, KY
Hart, MI
Hartford City, IN
Hartford, KY
Hartington, NE
Hartselle, AL
Hartsville, SC
Hartwell, GA
Harvard, MA
Hastings, MI
Hastings, MN
Hastings, NE
Hatfield, MA
Hattiesburg, MS
Havana, IL
Havelock, NC
Haverhill, MA
Havre de Grace, MD
Havre, MT
Hawesville, KY
Hawley, MN
Hawley, PA
Hawthorne, CA
Hawthorne, NV
Haxtun, CO
Hays, KS
Hayward, WI
Hazard, KY
Hazen, AR
Hazen, ND
Hazlehurst, GA
Hazlehurst, MS
Hazleton, PA
Healdsburg, CA
Hearne, TX
Heber Springs, AR
Heber, UT
Hebron, NE
Heflin, AL
Helena-West Helena, AR
Hemingford, NE
Henderson, KY
Henderson, NC
Henderson, NV
Henderson, TX
Hendersonville, NC
Hendricks, MN
Henrietta, NY
Herkimer, NY
Hermann, MO
Hermiston, OR
Hermitage, MO
Hermosa Beach, CA
Hernando, MS
Herndon, VA
Herscher, IL
Hesperia, CA
Hesston, KS
Hiawassee, GA
Hiawatha, KS
Hibbing, MN
Hickman, NE
Hickory, NC
Hicksville, OH
High Point, NC
Highland Park, IL
Highland, CA
Highland, IL
Highlands Ranch, CO
Highlands, NC
Hillsboro, IL
Hillsboro, KS
Hillsboro, OH
Hillsboro, OR
Hillsborough, NC
Hillsborough, NJ
Hillsdale, MI
Hillside, IL
Hillsville, VA
Hilo, HI
Hilton Head Island, SC
Hinckley, MN
Hindman, KY
Hinesville, GA
Hingham, MA
Hinsdale, IL
Hobbs, NM
Hoboken, NJ
Hockessin, DE
Hodgenville, KY
Hodgkins, IL
Holbrook, AZ
Holbrook, MA
Holden, MA
Holland, MI
Hollis, NH
Hollister, CA
Holliston, MA
Holly Springs, MS
Hollywood, FL
Holmdel, NJ
Holmes Beach, FL
Holt, MI
Holton, KS
Holtville, CA
Holyoke, CO
Holyoke, MA
Homedale, ID
Homer Glen, IL
Homer, AK
Homer, GA
Homer, MI
Homerville, GA
Hondo, TX
Honesdale, PA
Hood River, OR
Hooksett, NH
Hoopeston, IL
Hope, AR
Hope, IN
Hopedale, MA
Hopewell, NJ
Hopewell, VA
Hopkinsville, KY
Hopkinton, MA
Hornell, NY
Horse Cave, KY
Horseshoe Bend, AR
Hot Springs Village, AR
Hot Springs, AR
Hot Springs, VA
Houghton Lake, MI
Houghton, MI
Houlton, ME
Houma, LA
Houston, MO
Houston, MS
Houston, TX
Howard Lake, MN
Howe, TX
Howell, MI
Howell, NJ
Hubbard, OH
Huber Heights, OH
Hudson, MA
Hudson, NH
Hudson, WI
Hudsonville, MI
Hugo, OK
Hugoton, KS
Hull, IA
Hull, MA
Humboldt, IA
Humboldt, TN
Hummelstown, PA
Huntersville, NC
Huntertown, IN
Huntingdon, TN
Huntington Beach, CA
Huntington, IN
Huntington, MA
Huntington, NY
Huntington, WV
Huntsville, AL
Huntsville, AR
Huntsville, TX
Hurley, WI
Huron, SD
Hutchinson, KS
Hutchinson, MN
Ida Grove, IA
Idaho Falls, ID
Idaho Springs, CO
Idyllwild-Pine Cove, CA
Imlay City, MI
Imperial Beach, CA
Imperial, NE
Incline Village, NV
Independence, IA
Independence, MO
Indian Head Park, IL
Indian River, MI
Indiana, PA
Indianapolis, IN
Indianola, IA
Indianola, MS
Indio, CA
Inglewood, CA
Ingram, TX
International Falls, MN
Inwood, IA
Iola, KS
Ionia, MI
Iowa City, IA
Iowa Falls, IA
Ipswich, MA
Iron Mountain, MI
Iron River, MI
Irondequoit, NY
Ironton, MO
Ironton, OH
Ironwood, MI
Irvine, KY
Issaquah, WA
Italy, TX
Itasca, IL
Ithaca, MI
Ivins, UT
Jacksboro, TX
Jackson, AL
Jackson, CA
Jackson, GA
Jackson, KY
Jackson, MI
Jackson, MN
Jackson, MO
Jackson, MS
Jackson, NJ
Jackson, OH
Jackson, TN
Jacksonville Beach, FL
Jacksonville, AL
Jacksonville, AR
Jacksonville, FL
Jacksonville, IL
Jacksonville, NC
Jacksonville, TX
Jal, NM
Jamestown, KY
Jamestown, NC
Jamestown, ND
Jamestown, NY
Jamestown, RI
Janesville, WI
Jasonville, IN
Jasper, AL
Jasper, AR
Jasper, GA
Jasper, IN
Jasper, TX
Jefferson City, MO
Jefferson City, TN
Jefferson, GA
Jeffersonville, IN
Jena, LA
Jennings, LA
Jericho, NY
Jersey City, NJ
Jerseyville, IL
Jerusalem, OH
Jesup, GA
Jesup, IA
John Day, OR
Johns Creek, GA
Johnson City, TN
Johnson City, TX
Johnstown, CO
Johnstown, PA
Joliet, IL
Jonesboro, AR
Jonesboro, GA
Jonesborough, TN
Joplin, MO
Jordan, MN
Julesburg, CO
Julian, CA
Junction City, KS
Junction, TX
Juneau, AK
Jupiter, FL
Kahului, HI
Kailua, HI
Kalamazoo, MI
Kalispell, MT
Kalona, IA
Kamiah, ID
Kanab, UT
Kanawha, IA
Kane, PA
Kankakee, IL
Kansas City, MO
Kaplan, LA
Kapolei, HI
Karlstad, MN
Karnes City, TX
Kasson, MN
Katy, TX
Kaufman, TX
Kaukauna, WI
Kaunakakai, HI
Kearney, MO
Kearney, NE
Kearns, UT
Kearny, AZ
Kearny, NJ
Keene, NH
Keenesburg, CO
Keizer, OR
Keller, TX
Kenai, AK
Kenansville, NC
Kendallville, IN
Kenly, NC
Kenmare, ND
Kennebunk, ME
Kennesaw, GA
Kennett, MO
Kennewick, WA
Kenosha, WI
Kentland, IN
Kenton, OH
Kentwood, LA
Kenyon, MN
Keokuk, IA
Keota, IA
Kerrville, TX
Ketchikan, AK
Ketchum, ID
Kewanee, IL
Key Largo, FL
Key West, FL
Keyser, WV
Keysville, VA
Kilgore, TX
Killeen, TX
Killingly, CT
Kilmarnock, VA
Kimball, MN
Kimball, NE
King City, CA
King, NC
Kingfield, ME
Kingfisher, OK
Kingman, AZ
Kingman, KS
Kings Bay Base, GA
Kingsburg, CA
Kingsport, TN
Kingston, MA
Kingston, TN
Kingstree, SC
Kingsville, TX
Kinston, NC
Kiowa, KS
Kirksville, MO
Kissimmee, FL
Kittanning, PA
Klamath Falls, OR
Knightstown, IN
Knox, IN
Knoxville, IA
Knoxville, TN
Kodiak, AK
Kokomo, IN
Kosciusko, MS
Kotzebue, AK
Kuna, ID
Kyle, TX
La Cañada Flintridge, CA
La Center, KY
La Crescent, MN
La Crosse, WI
La Fayette, AL
La Follette, TN
La Grande, OR
La Grange Park, IL
La Grange, IL
La Grange, KY
La Grange, TX
La Harpe, IL
La Junta, CO
La Mesa, CA
La Porte City, IA
La Porte, IN
La Quinta, CA
La Veta, CO
La Victoria, TX
LaFayette, GA
LaGrange, GA
Laconia, NH
Ladera Ranch, CA
Ladysmith, WI
Lafayette, CO
Lafayette, IN
Lafayette, LA
Lafayette, MN
Lafayette, TN
Lagrange, IN
Laguna Beach, CA
Lahaina, HI
Lake Arrowhead, CA
Lake Benton, MN
Lake Charles, LA
Lake City, FL
Lake City, IA
Lake Forest, IL
Lake Geneva, WI
Lake Havasu City, AZ
Lake Isabella, CA
Lake Madison, SD
Lake Marshall, MN
Lake Mills, IA
Lake Orion, MI
Lake Oswego, OR
Lake Ozark, MO
Lake Placid, NY
Lake Riverside, CA
Lake Ronkonkoma, NY
Lake Sarasota, FL
Lake Tomahawk, WI
Lake Zurich, IL
Lakeland, FL
Lakeport, CA
Lakeview, MI
Lakeview, OR
Lakeville, CT
Lakeville, MA
Lakeville, MN
Lakewood, CO
Lakewood, OH
Lakin, KS
Lamar, CO
Lamar, MO
Lamesa, TX
Lampasas, TX
Lancaster, KY
Lancaster, NH
Lancaster, OH
Lancaster, PA
Lancaster, SC
Lanett, AL
Langley, WA
Lansdale, PA
Lansing, KS
Lapeer, MI
Laplace, LA
Laporte, CO
Laredo, TX
Las Animas, CO
Las Cruces, NM
Las Vegas, NM
Las Vegas, NV
Latrobe, PA
Laughlin, NV
Laurel, DE
Laurel, MD
Laurel, MS
Laurel, MT
Laurens, SC
Lavonia, GA
Lawndale, CA
Lawrence, KS
Lawrence, MA
Lawrence, NY
Lawrenceburg, IN
Lawrenceburg, KY
Lawrenceville, GA
Lawrenceville, IL
Lawton, OK
Le Center, MN
Le Mars, IA
Le Roy, NY
Le Sueur, MN
Leadville, CO
Leakesville, MS
Leakey, TX
Leander, TX
Leavenworth, KS
Leavenworth, WA
Lebanon, IN
Lebanon, KY
Lebanon, MO
Lebanon, OR
Lebanon, PA
Lebanon, TN
Lee's Summit, MO
Leesburg, FL
Leesburg, GA
Leesburg, VA
Leesville, LA
Lehigh Acres, FL
Lehighton, PA
Leitchfield, KY
Leland, MI
Leland, MS
Lemont, IL
Lennox, SD
Lenoir City, TN
Lenoir, NC
Leominster, MA
Levittown, PA
Lewes, DE
Lewisboro, NY
Lewisburg, TN
Lewisburg, WV
Lewiston, ID
Lewiston, ME
Lewiston, MI
Lewiston, MN
Lewiston, NY
Lewistown, IL
Lewistown, MT
Lewistown, PA
Lewisville, TX
Lexington Park, MD
Lexington, MA
Lexington, MS
Lexington, NC
Lexington, NE
Lexington, SC
Lexington, TX
Lexington-Fayette, KY
Libby, MT
Liberal, KS
Liberty Lake, WA
Liberty, KY
Liberty, MO
Libertyville, IL
Licking, MO
Ligonier, IN
Lihue, HI
Lima, OH
Limon, CO
Lincoln City, OR
Lincoln, CA
Lincoln, KS
Lincoln, MA
Lincoln, ME
Lincoln, NE
Lincolnton, GA
Lincolnton, NC
Lincolnwood, IL
Lindale, TX
Linden, CA
Linden, TN
Lindenhurst, NY
Lindstrom, MN
Linton, IN
Lisbon, OH
Lisle, IL
Litchfield, MN
Little Canada, MN
Little Elm, TX
Little Falls, MN
Little Rock, AR
Littleton, CO
Littleton, MA
Littleton, NH
Live Oak, FL
Livermore Falls, ME
Livermore, CA
Livingston, AL
Livingston, MT
Livingston, NJ
Livingston, TN
Livonia, MI
Llano, TX
Lock Haven, PA
Lockhart, TX
Lockport, IL
Lockport, NY
Lodi, CA
Logan, IA
Logan, OH
Logan, UT
Logan, WV
Logansport, IN
Lombard, IL
Lompoc, CA
London, KY
London, OH
Londonderry, NH
Lone Tree, CO
Long Beach, CA
Long Beach, NY
Long Beach, WA
Long Branch, NJ
Long Prairie, MN
Longmont, CO
Longport, NJ
Longview, TX
Longview, WA
Longville, MN
Lonoke, AR
Loogootee, IN
Loomis, CA
Lorain, OH
Los Altos, CA
Los Angeles, CA
Los Banos, CA
Los Gatos, CA
Louisa, KY
Louisa, VA
Louisburg, KS
Louisburg, NC
Louisiana, MO
Louisville, CO
Louisville, GA
Louisville, KY
Louisville, MS
Loveland, CO
Lovelock, NV
Lovington, NM
Lowell, MA
Lowell, MI
Loyalton, CA
Lubbock, TX
Lucedale, MS
Ludington, MI
Ludlow, MA
Lufkin, TX
Lumberton, NC
Lumberton, TX
Luverne, AL
Luverne, MN
Lynchburg, TN
Lynchburg, VA
Lynden, WA
Lynn, MA
Lyons, CO
Lyons, IL
Lyons, KS
Mabank, TX
Macclenny, FL
Mackinac Island, MI
Macomb, IL
Macomb, MI
Macon, GA
Macon, MO
Madawaska, ME
Madelia, MN
Madison Heights, MI
Madison, AL
Madison, CT
Madison, FL
Madison, GA
Madison, IN
Madison, MS
Madison, NJ
Madison, VA
Madison, WI
Madison, WV
Madisonville, KY
Madisonville, TN
Madras, OR
Magee, MS
Magna, UT
Magnolia, AR
Magnolia, MS
Mahnomen, MN
Mahomet, IL
Mahopac, NY
Malden, MA
Malden, MO
Malibu, CA
Malone, NY
Malta, MT
Malvern, AR
Malverne, NY
Mammoth Lakes, CA
Manahawkin, NJ
Manasquan, NJ
Manassas, VA
Manchester Center, VT
Manchester, CT
Manchester, GA
Manchester, IA
Manchester, NH
Manchester, NJ
Manchester, TN
Mancos, CO
Manhasset, NY
Manhattan Beach, CA
Manhattan, IL
Manhattan, KS
Manila, AR
Manistee, MI
Manistique, MI
Manitowoc, WI
Mankato, MN
Mansfield, MA
Mansfield, MO
Mansfield, OH
Mansfield, TX
Manson, IA
Manteca, CA
Manteno, IL
Many, LA
Manzanita, OR
Maple Lake, MN
Maple Shade, NJ
Mapleton, IA
Mapleton, MN
Maquoketa, IA
Marana, AZ
Marathon, FL
Marble Falls, TX
Marblehead, MA
Marco Island, FL
Marfa, TX
Margate, FL
Marianna, FL
Maricopa, AZ
Marietta, GA
Marietta, OH
Marina del Rey, CA
Marinette, WI
Marion, IA
Marion, IL
Marion, IN
Marion, KS
Marion, KY
Marion, MA
Marion, MI
Marion, NC
Marion, OH
Marion, VA
Mariposa, CA
Marlborough, MA
Marlborough, MO
Marlin, TX
Marlinton, WV
Marquette, MI
Marshall, IL
Marshall, MI
Marshall, MO
Marshall, TX
Marshalltown, IA
Marshfield, MA
Marshfield, MO
Marshfield, WI
Marthasville, MO
Martin, TN
Martinez, CA
Martinez, GA
Martins Ferry, OH
Martinsburg, WV
Martinsville, IN
Martinsville, VA
Marysville, CA
Marysville, KS
Marysville, OH
Marysville, WA
Maryville, MO
Maryville, TN
Mascoutah, IL
Mashpee, MA
Mason City, IA
Mason, TX
Massillon, OH
Matlacha, FL
Mattapoisett, MA
Mattituck, NY
Mattoon, IL
Maumelle, AR
Maynard, MA
Mayo, FL
Maysville, KY
Maywood, NJ
McAlester, OK
McAllen, TX
McCall, ID
McComb, MS
McConnellsburg, PA
McConnelsville, OH
McCook, IL
McCook, NE
McCrory, AR
McDonough, GA
McGehee, AR
McGregor, IA
McGregor, MN
McGregor, TX
McKinleyville, CA
McKinney, TX
McLean, VA
McLeansboro, IL
McMinnville, OR
McMinnville, TN
McPherson, KS
Meade, KS
Meadville, PA
Mebane, NC
Medfield, MA
Medford, MA
Medford, NJ
Medford, OR
Medford, WI
Medicine Lodge, KS
Medina, OH
Medway, MA
Melbourne, FL
Melrose, MA
Melrose, MN
Melville, NY
Memphis, MO
Memphis, TN
Mena, AR
Mendocino, CA
Mendon, MA
Mendota, IL
Menlo Park, CA
Menomonie, WI
Merced, CA
Mercer Island, WA
Meredith, NH
Meriden, CT
Meridian, ID
Meridian, MS
Merrick, NY
Merrill, WI
Merrillville, IN
Mesquite, NV
Metropolis, IL
Metter, GA
Mexico Beach, FL
Mexico, MO
Mexico, NY
Miami, FL
Miami, OK
Michigan City, IN
Middlefield, CT
Middlesborough, KY
Middlesex, NJ
Middleton, MA
Middletown, CT
Middletown, DE
Middletown, MD
Middletown, NY
Middletown, OH
Midland, MI
Midland, TX
Midvale, UT
Midway, NC
Milaca, MN
Milan, TN
Miles City, MT
Milford, CT
Milford, DE
Milford, IN
Milford, MA
Milford, NE
Milford, NH
Mill Valley, CA
Millbury, MA
Millbury, OH
Milledgeville, GA
Millen, GA
Miller, SD
Millersburg, PA
Millerton, NY
Millville, NJ
Milo, ME
Milpitas, CA
Milwaukee, WI
Minden, LA
Minden, NE
Mineola, NY
Mineral Wells, TX
Minneapolis, MN
Minneola, KS
Minneota, MN
Minocqua, WI
Minot, ND
Miramar Beach, FL
Mission, TX
Missouri Valley, IA
Mitchell, NE
Mitchell, SD
Moab, UT
Moapa Valley, NV
Moberly, MO
Mobile, AL
Mobridge, SD
Mocksville, NC
Modesto, CA
Mokena, IL
Molalla, OR
Momence, IL
Mondovi, WI
Monee, IL
Monett, MO
Monmouth, IL
Monongahela, PA
Monroe City, MO
Monroe, CT
Monroe, GA
Monroe, IA
Monroe, LA
Monroe, MI
Monroe, NC
Monroe, NY
Monroe, WA
Monroe, WI
Monroeville, AL
Monson, MA
Montclair, NJ
Monte Vista, CO
Montecito, CA
Montello, WI
Monterey, CA
Montesano, WA
Montevideo, MN
Montgomery, AL
Montgomery, MN
Montgomery, TX
Monticello, AR
Monticello, GA
Monticello, IA
Monticello, IL
Monticello, IN
Monticello, KY
Monticello, MN
Monticello, MS
Montpelier, ID
Montrose, CO
Monument, CO
Moorefield, WV
Mooresville, IN
Mooresville, NC
Moose Lake, MN
Mora, MN
Moraga, CA
Morehead City, NC
Morehead, KY
Morgan City, LA
Morgan Hill, CA
Morganton, NC
Morgantown, WV
Moriarty, NM
Morrilton, AR
Morris, IL
Morris, MN
Morristown, NJ
Morristown, TN
Morrisville, VT
Morro Bay, CA
Morton Grove, IL
Morton, IL
Moscow, ID
Moses Lake, WA
Moulton, AL
Moultrie, GA
Mound City, MO
Mound, MN
Mount Airy, NC
Mount Ayr, IA
Mount Carmel, IL
Mount Carroll, IL
Mount Clemens, MI
Mount Hope, KS
Mount Juliet, TN
Mount Olive, NC
Mount Olive, NJ
Mount Pleasant, IA
Mount Pleasant, MI
Mount Pleasant, TX
Mount Prospect, IL
Mount Shasta, CA
Mount Sterling, IL
Mount Sterling, KY
Mount Vernon, GA
Mount Vernon, IA
Mount Vernon, IL
Mount Vernon, OH
Mount Vernon, TX
Mount Vernon, VA
Mount Vernon, WA
Mount Zion, IL
Mountain City, TN
Mountain Grove, MO
Mountain Home, AR
Mountain Home, ID
Mountain Lake, MN
Mountain Top, PA
Mountain View, AR
Mountain View, CA
Mountain View, MO
Moville, IA
Mukilteo, WA
Muleshoe, TX
Muncie, IN
Mundelein, IL
Munster, IN
Murfreesboro, TN
Murphy, NC
Murray, KY
Murray, UT
Muscatine, IA
Muskegon, MI
Muskogee, OK
Myrtle Beach, SC
Mystic, CT
Nacogdoches, TX
Nags Head, NC
Nampa, ID
Nantucket, MA
Nanuet, NY
Napa, CA
Naperville, IL
Naples, FL
Napoleon, OH
Narrowsburg, NY
Nashua, IA
Nashua, NH
Nashville, AR
Nashville, IN
Nashville, TN
Natchez, MS
Natchitoches, LA
Natick, MA
Naugatuck, CT
Navarre, FL
Navasota, TX
Nebraska City, NE
Nederland, CO
Nederland, TX
Needham, MA
Needles, CA
Neligh, NE
Neosho, MO
Nephi, UT
Neptune, NJ
Nevada, IA
Nevada, MO
New Albany, MS
New Baltimore, MI
New Bedford, MA
New Bern, NC
New Bethlehem, PA
New Braintree, MA
New Braunfels, TX
New Brighton, MN
New Britain, CT
New Brunswick, NJ
New Buffalo, MI
New Canaan, CT
New Carlisle, OH
New Castle, IN
New Castle, PA
New Castle, VA
New City, NY
New Cordell, OK
New Hampton, IA
New Harmony, IN
New Haven, CT
New Haven, MO
New Hope, MN
New Hyde Park, NY
New Iberia, LA
New Lenox, IL
New London, CT
New London, MO
New London, OH
New Milford, CT
New Orleans, LA
New Paltz, NY
New Paris, IN
New Pekin, IN
New Philadelphia, OH
New Portland, ME
New Prague, MN
New Richland, MN
New Richmond, IN
New Richmond, WI
New Rochelle, NY
New Salem, MA
New Sharon, IA
New Town, ND
New Troy, MI
New Ulm, MN
New Washington, IN
New York City, NY
Newark, DE
Newark, NY
Newark, OH
Newberg, OR
Newberry, MI
Newberry, SC
Newburgh, IN
Newburgh, NY
Newburyport, MA
Newcomerstown, OH
Newington, CT
Newkirk, OK
Newman, CA
Newman, IL
Newport Beach, CA
Newport, AR
Newport, ME
Newport, OR
Newport, RI
Newport, TN
Newport, WA
Newton, IA
Newton, IL
Newton, KS
Newton, MA
Newton, NC
Newton, NJ
Newtown, CT
Niagara Falls, NY
Nicholasville, KY
Niles, IL
Niles, MI
Niobrara, NE
Niwot, CO
Nixa, MO
Noblesville, IN
Nogales, AZ
Nome, AK
Norfolk, MA
Norfolk, NE
Norfolk, VA
Normal, IL
Norman, OK
Norridge, IL
Norristown, PA
North Andover, MA
North Attleborough, MA
North Bend, NE
North Bergen, NJ
North Branch, MN
North Brunswick, NJ
North Conway, NH
North Creek, NY
North Haven, CT
North Haverhill, NH
North Kingstown, RI
North Liberty, IA
North Little Rock, AR
North Oaks, MN
North Ogden, UT
North Omak, WA
North Palm Beach, FL
North Pekin, IL
North Pembroke, MA
North Platte, NE
North Plymouth, MA
North Port, FL
North Puyallup, WA
North Reading, MA
North Riverside, IL
North Salem, IN
North Salem, MO
North Scituate, MA
North Spearfish, SD
North Springfield, VA
North Terre Haute, IN
North Tonawanda, NY
North Towanda, PA
North Tunica, MS
North Vernon, IN
North Wantagh, NY
North Warren, PA
North Washington, IA
North Wildwood, NJ
North Wilkesboro, NC
North Windham, ME
North Yelm, WA
North Zanesville, OH
Northampton, MA
Northborough, MA
Northbrook, IL
Northfield, MN
Northfield, VT
Northville, MI
Northwest Stanwood, WA
Norton, KS
Norton, MA
Norwalk, CT
Norwalk, OH
Norway, ME
Norwell, MA
Norwich, CT
Norwood Young America, MN
Norwood, CO
Norwood, MA
Novato, CA
Novi, MI
O'Neill, NE
Oak Brook, IL
Oak Grove, MO
Oak Harbor, WA
Oak Park, IL
Oak Ridge, NC
Oak Ridge, TN
Oakbrook Terrace, IL
Oakdale, MN
Oakhurst, CA
Oakland, CA
Oakland, MD
Oakland, NE
Oakley, CA
Ocala, FL
Ocean Beach, NY
Ocean City, MD
Ocean City, NJ
Ocean Springs, MS
Ocean View, DE
Oceanside, CA
Oceanside, NY
Odessa, MO
Odessa, TX
Oelwein, IA
Ogden, IA
Ogdensburg, NY
Oil City, PA
Ojai, CA
Okawville, IL
Oklahoma City, OK
Oklee, MN
Olathe, KS
Old Forge, NY
Old Saybrook, CT
Old Town, ME
Olean, NY
Olney, IL
Olney, TX
Olympia, WA
Omaha, NE
Onalaska, WI
Onaway, MI
Oneida, NY
Oneonta, AL
Oneonta, NY
Onley, VA
Ontario, CA
Ontario, OR
Ontonagon, MI
Opelika, AL
Opelousas, LA
Opp, AL
Orange City, IA
Orange Park, FL
Orange, TX
Orangeburg, SC
Orangevale, CA
Orchard Park, NY
Oregon, IL
Oregon, WI
Oriental, NC
Orion, IL
Orland Park, IL
Orlando, FL
Orofino, ID
Oroville, CA
Oroville, WA
Ortonville, MN
Osage City, KS
Osage, IA
Osakis, MN
Osawatomie, KS
Osceola, AR
Osceola, IA
Oscoda, MI
Oshkosh, NE
Oshkosh, WI
Oskaloosa, IA
Oskaloosa, KS
Osseo, MN
Osseo, WI
Ossian, IA
Oswego, IL
Oswego, NY
Othello, WA
Ottawa Hills, OH
Ottawa, IL
Ottawa, KS
Ottawa, OH
Ottumwa, IA
Ouray, CO
Owasso, OK
Owatonna, MN
Owensboro, KY
Owensville, MO
Owenton, KY
Owings Mills, MD
Owosso, MI
Oxford, MI
Oxford, MS
Oxford, OH
Oxnard, CA
Oyster Bay, NY
Ozark, AR
Ozona, TX
Pablo, MT
Pacific City, OR
Pacific Grove, CA
Pacifica, CA
Paducah, KY
Page, AZ
Pageland, SC
Pagosa Springs, CO
Pahrump, NV
Paintsville, KY
Palacios, TX
Palestine, TX
Palm Springs, CA
Palm Valley, FL
Palmdale, CA
Palmyra, MO
Palmyra, VA
Palos Heights, IL
Pampa, TX
Pana, IL
Panama City, FL
Paola, KS
Paoli, IN
Paonia, CO
Papillion, NE
Paradise, CA
Paragould, AR
Paramount, CA
Paris, AR
Paris, IL
Paris, MO
Paris, TN
Paris, TX
Park City, UT
Park Falls, WI
Park Hills, MO
Park Rapids, MN
Park Ridge, IL
Parker, AZ
Parker, CO
Parkers Prairie, MN
Parkersburg, WV
Parkline, ID
Parks, AZ
Parkston, SD
Parshall, ND
Parsippany-Troy Hills, NJ
Parsons, KS
Pasadena, TX
Pascagoula, MS
Pass Christian, MS
Pataskala, OH
Paterson, NJ
Patterson, CA
Paulding, OH
Pauls Valley, OK
Paw Paw, MI
Pawnee City, NE
Pawtucket, RI
Paxton, IL
Payette, ID
Paynesville, MN
Payson, AZ
Pea Ridge, AR
Peabody, KS
Peabody, MA
Pearland, TX
Pecatonica, IL
Pecos, TX
Pelham, NH
Pelham, NY
Pelican Rapids, MN
Pell City, AL
Pella, IA
Pender, NE
Pendleton, IN
Pendleton, OR
Penfield, NY
Penn Yan, NY
Pensacola, FL
Peoria, AZ
Peotone, IL
Pequot Lakes, MN
Perham, MN
Perris, CA
Perry, GA
Perry, IA
Perrysburg, OH
Perryville, MO
Peru, IN
Peshtigo, WI
Petaluma, CA
Peterborough, NH
Petersburg, AK
Petersburg, NE
Petersburg, VA
Petersburg, WV
Petoskey, MI
Pflugerville, TX
Phelan, CA
Philadelphia, MS
Philadelphia, PA
Philip, SD
Philipsburg, MT
Phillipsburg, KS
Phoenix, AZ
Phoenix, NY
Phoenixville, PA
Picayune, MS
Pickens, SC
Pickerington, OH
Piedmont, AL
Piedmont, CA
Piedmont, MO
Pigeon Forge, TN
Piggott, AR
Pikeville, KY
Pilot Point, TX
Pinckney, MI
Pine Bluff, AR
Pine City, MN
Pine Ridge, SD
Pineville, MO
Pipestone, MN
Piqua, OH
Pismo Beach, CA
Pittsburg, CA
Pittsburg, KS
Pittsburg, TX
Pittsfield, IL
Pittsfield, MA
Pittsford, NY
Pittston, PA
Placerville, CA
Plainfield, IL
Plainfield, IN
Plains, MT
Plainview, MN
Plainview, NE
Plainview, TX
Plainville, CT
Plainwell, MI
Plano, TX
Plaquemine, LA
Platte City, MO
Plattsburg, MO
Plattsburgh, NY
Plattsmouth, NE
Pleasant Hill, MO
Pleasanton, CA
Pleasanton, KS
Pleasanton, TX
Pleasantville, NJ
Plum, PA
Plymouth, IN
Plymouth, NH
Plymouth, WI
Pocahontas, AR
Pocatello, ID
Point Pleasant, WV
Point Reyes Station, CA
Polson, MT
Pomeroy, OH
Ponca City, OK
Ponchatoula, LA
Pontiac, IL
Pontiac, MI
Pontotoc, MS
Poplar Bluff, MO
Port Allen, LA
Port Angeles, WA
Port Aransas, TX
Port Arthur, TX
Port Charlotte, FL
Port Chester, NY
Port Clinton, OH
Port Huron, MI
Port Jefferson, NY
Port Lavaca, TX
Port Sulphur, LA
Port Townsend, WA
Port Washington, NY
Port Washington, WI
Portage, WI
Portageville, MO
Portales, NM
Portland, IN
Portland, OR
Portola, CA
Portsmouth, NH
Portsmouth, OH
Portsmouth, RI
Poteau, OK
Potosi, MO
Potsdam, NY
Pottstown, PA
Pottsville, PA
Poughkeepsie, NY
Poulsbo, WA
Poway, CA
Powder Springs, GA
Prairieville, LA
Pratt, KS
Prattville, AL
Prentiss, MS
Prescott Valley, AZ
Prescott, AZ
Presque Isle, ME
Preston, ID
Preston, MN
Prestonsburg, KY
Price, UT
Priest River, ID
Prince Frederick, MD
Princeton, IL
Princeton, IN
Princeton, KY
Princeton, MN
Princeton, NC
Princeton, NJ
Princeton, TX
Prineville, OR
Prior Lake, MN
Proctor, MN
Prospect Heights, IL
Prosser, WA
Providence, KY
Provincetown, MA
Provo, UT
Puako, HI
Pueblo, CO
Pulaski, VA
Pullman, WA
Punta Gorda, FL
Punxsutawney, PA
Purcell, OK
Putnam, CT
Quartzsite, AZ
Queens, NY
Quincy, FL
Quincy, IL
Quincy, MA
Quitman, MS
Racine, WI
Radford, VA
Raeford, NC
Rahway, NJ
Raleigh, MS
Raleigh, NC
Ralston, NE
Ramona, CA
Ramsey, NJ
Rancho Cordova, CA
Rancho Cucamonga, CA
Rancho Palos Verdes, CA
Rancho Santa Fe, CA
Ranchos de Taos, NM
Randolph, MA
Randolph, NJ
Randolph, VT
Random Lake, WI
Rangely, CO
Rantoul, IL
Rapid City, SD
Ravena, NY
Ravenna, NE
Raymond, WA
Raymondville, TX
Rayne, LA
Raynham, MA
Raytown, MO
Rayville, LA
Reading, PA
Red Bank, NJ
Red Bluff, CA
Red Lodge, MT
Red Oak, IA
Red River, NM
Red Wing, MN
Redding, CA
Redding, CT
Redfield, SD
Redlands, CA
Reed City, MI
Reedley, CA
Reedsburg, WI
Reidsville, GA
Reidsville, NC
Reinbeck, IA
Reno, NV
Rensselaer, IN
Renton, WA
Reston, VA
Revere, MA
Rexburg, ID
Rhinelander, WI
Rice Lake, WI
Richfield, MN
Richfield, UT
Richland, GA
Richlands, VA
Richmond Hill, GA
Richmond, KY
Richmond, MO
Richmond, VA
Ridgecrest, CA
Ridgefield, CT
Ridgeland, MS
Ridgewood, NJ
Ridgway, PA
Rifle, CO
Rigby, ID
Rincon, GA
Ringgold, GA
Rio Grande, NJ
Rio Rancho, NM
Ripley, OH
Ripley, WV
Rising Sun, IN
River Forest, IL
Riverbank, CA
Roanoke Rapids, NC
Roanoke, AL
Roanoke, VA
Robbinsdale, MN
Robbinsville, NC
Robertsdale, AL
Robinson, IL
Robstown, TX
Rochelle, IL
Rochester, IN
Rochester, MN
Rochester, NH
Rock Hill, SC
Rock Island, IL
Rock Port, MO
Rock Rapids, IA
Rockdale, TX
Rockford, IL
Rockford, MI
Rockland, MA
Rockland, ME
Rocklin, CA
Rockmart, GA
Rockport, IN
Rockport, TX
Rockville Centre, NY
Rockville, IN
Rockville, MD
Rockwall, TX
Rockwell, IA
Rocky Mount, NC
Rocky Mount, VA
Rogers City, MI
Rogersville, MO
Rogersville, TN
Rogue River, OR
Rohnert Park, CA
Rolla, MO
Rollin, MI
Rome, GA
Rome, NY
Romeoville, IL
Romney, WV
Roosevelt, UT
Roscommon, MI
Roseburg, OR
Roselle, IL
Rosemead, CA
Rosemount, MN
Rosenberg, TX
Roseville, CA
Roseville, MI
Roseville, MN
Rossford, OH
Roswell, GA
Roswell, NM
Round Rock, TX
Rowlett, TX
Roxboro, NC
Roxbury, NJ
Royal Oak, MI
Ruidoso, NM
Rumford, ME
Rushford, MN
Rushsylvania, OH
Rushville, IN
Rusk, TX
Russell Springs, KY
Russellville, AL
Russellville, AR
Russellville, KY
Ruston, LA
Rutherford, CA
Rutland, VT
Rye Brook, NY
Sabetha, KS
Saco, ME
Sacramento, CA
Safford, AZ
Sag Harbor, NY
Saginaw, MI
Saguache, CO
Salado, TX
Salamanca, NY
Salem, NH
Salem, OR
Salem, VA
Salida, CO
Salina, KS
Salinas, CA
Saline, MI
Salisbury, MD
Salisbury, NC
Sallisaw, OK
Salt Lake City, UT
Saluda, SC
Salyersville, KY
Sam Rayburn, TX
San Andreas, CA
San Angelo, TX
San Anselmo, CA
San Antonio, TX
San Bernardino, CA
San Clemente, CA
San Diego, CA
San Francisco, CA
San Jose, CA
San Juan Capistrano, CA
San Luis Obispo, CA
San Marcos, TX
San Marino, CA
San Mateo, CA
San Rafael, CA
San Ramon, CA
San Saba, TX
Sand Springs, OK
Sandpoint, ID
Sandusky, MI
Sandusky, OH
Sandy Springs, GA
Sandy, UT
Sanford, FL
Sanford, NC
Sanger, CA
Sanibel, FL
Santa Ana, CA
Santa Barbara, CA
Santa Clarita, CA
Santa Cruz, CA
Santa Maria, CA
Santa Monica, CA
Santa Paula, CA
Santa Rosa, CA
Saranac Lake, NY
Saratoga Springs, NY
Saratoga, CA
Sartell, MN
Saugatuck, MI
Saugus, MA
Sauk Centre, MN
Sauk City, WI
Sausalito, CA
Savage, MN
Savanna, IL
Savannah, GA
Savannah, TN
Sayre, PA
Sayreville, NJ
Scandia, MN
Scappoose, OR
Scarborough, ME
Schenectady, NY
Scotts Valley, CA
Scottsbluff, NE
Scottsboro, AL
Scottsburg, IN
Scottsdale, AZ
Scottsville, KY
Scranton, PA
Seabrook, MD
Seabrook, TX
Seaford, DE
Seal Beach, CA
Sealy, TX
Searcy, AR
Seaside, OR
Seattle, WA
Sebastopol, CA
Sebree, KY
Sebring, FL
Secaucus, NJ
Sedalia, MO
Sedona, AZ
Seeley Lake, MT
Seguin, TX
Seldovia, AK
Selma, AL
Selma, CA
Selmer, TN
Seminole, FL
Seminole, OK
Seminole, TX
Senatobia, MS
Seneca, KS
Seneca, MO
Seneca, SC
Sequim, WA
Setauket-East Setauket, NY
Sevierville, TN
Sewanee, TN
Seward, AK
Seward, NE
Seymour, CT
Seymour, IN
Seymour, MO
Seymour, TN
Shakopee, MN
Shallotte, NC
Shamokin, PA
Sharon Springs, KS
Sharon, MA
Sharon, PA
Shawano, WI
Shawnee, KS
Shawnee, OK
Sheboygan, WI
Sheffield, IA
Shelburne, VT
Shelby, MI
Shelby, MT
Shelby, NC
Shelby, OH
Shelbyville, IL
Shelbyville, IN
Shelbyville, KY
Shelbyville, TN
Sheldon, IA
Shell Lake, WI
Shelley, ID
Shelton, CT
Shelton, NE
Shenandoah, IA
Shepherdstown, WV
Shepherdsville, KY
Sheridan, AR
Sherman, TX
Sherwood, AR
Shingletown, CA
Shirley, MA
Shoals, IN
Shoreview, MN
Shoshone, ID
Show Low, AZ
Shreveport, LA
Shrewsbury, MA
Sidell, IL
Sidney, MT
Sidney, NE
Sidney, OH
Sierra Vista, AZ
Sigourney, IA
Sikeston, MO
Siler City, NC
Siloam Springs, AR
Silver City, NM
Silverdale, WA
Silverton, CO
Silverton, OR
Silverton, TX
Simi Valley, CA
Simla, CO
Simsbury, CT
Sioux City, IA
Sioux Falls, SD
Sisseton, SD
Sisters, OR
Sitka, AK
Skagway, AK
Skiatook, OK
Skokie, IL
Slater, IA
Slayton, MN
Sleepy Eye, MN
Smithfield, NC
Smithfield, VA
Smithland, KY
Smithville, MO
Smithville, TN
Smithville, TX
Smyrna, DE
Snellville, GA
Snoqualmie, WA
Snyder, TX
Socorro, NM
Solana Beach, CA
Soledad, CA
Solon, IA
Solon, ME
Solvang, CA
Somerset, KY
Somerset, MA
Somerset, PA
Somerville, MA
Sonoma, CA
South Bend, IN
South Boston, VA
South Burlington, VT
South Fork, CO
South Haven, MI
South Hill, VA
South Jordan, UT
South Kingstown, RI
South Lake Tahoe, CA
South Portland, ME
South Sioux City, NE
South Taft, CA
South Toms River, NJ
South Venice, FL
South Williamsport, PA
South Wilmington, IL
South Woodstock, CT
South Yarmouth, MA
Southampton, NY
Southborough, MA
Southbridge Town, MA
Southern Pines, NC
Southfield, MI
Southgate, MI
Southington, CT
Southport, NC
Southwick, MA
Sparks, NV
Sparta, NC
Sparta, NJ
Sparta, TN
Spartanburg, SC
Spearman, TX
Spencer, IA
Spencer, IN
Spencer, MA
Spirit Lake, IA
Spokane, WA
Spooner, WI
Spring Grove, MN
Spring Valley, MN
Springdale, AR
Springfield, IL
Springfield, KY
Springfield, MA
Springfield, MN
Springfield, MO
Springfield, OR
Springfield, TN
Springville, UT
Spruce Pine, NC
St. Augustine, FL
St. Charles, IL
St. Clair, IL
St. Cloud, MN
St. Joseph, MO
St. Louis, MO
St. Paul, MN
St. Petersburg, FL
St. Robert, MO
St. Simons, GA
Stamford, CT
Stamps, AR
Stanardsville, VA
Standish, MI
Stanford, KY
Staples, MN
Starbuck, MN
Starke, FL
Starkville, MS
State Center, IA
State College, PA
Staten Island, NY
Statesboro, GA
Statesville, NC
Staunton, IL
Staunton, VA
Stayton, OR
Steamboat Springs, CO
Steelville, MO
Stephenville, TX
Sterling Heights, MI
Sterling, CO
Sterling, KS
Steubenville, OH
Stevens Point, WI
Stevensville, MD
Stevensville, MT
Stewartville, MN
Stickney, IL
Stigler, OK
Stillwater, MN
Stillwater, OK
Stockton, CA
Stockton, MO
Stoneham, MA
Stonington, ME
Storm Lake, IA
Stoughton, MA
Stow, OH
Stowe, VT
Strasburg, VA
Stratford, CT
Strathmere, NJ
Streamwood, IL
Stromsburg, NE
Struthers, OH
Stuart, FL
Stuart, VA
Sturbridge, MA
Sturgeon Bay, WI
Sturgis, KY
Sturgis, MI
Sturgis, SD
Stuttgart, AR
Sudbury, MA
Suffolk, VA
Sulligent, AL
Sullivan, IL
Sullivan, IN
Sullivan, MO
Sulphur Springs, TX
Sulphur, OK
Summersville, MO
Summerville, GA
Summit, IL
Sumner, IL
Sun City, AZ
Sunbury, OH
Sunbury, PA
Sunnyside, WA
Sunnyside-Tahoe City, CA
Sunnyvale, CA
Superior, CO
Superior, NE
Superior, WI
Surf City, NJ
Surprise, AZ
Susanville, CA
Sutton, NE
Sutton, NH
Sutton, WV
Swainsboro, GA
Swampscott, MA
Swansboro, NC
Swartz Creek, MI
Sweet Home, OR
Sweetwater, TN
Sweetwater, TX
Sylva, NC
Sylvania, GA
Syracuse, KS
Syracuse, NE
Tacoma, WA
Tahlequah, OK
Takoma Park, MD
Talladega, AL
Tallahassee, FL
Tallassee, AL
Tama, IA
Tampa, FL
Tarentum, PA
Taunton, MA
Tavernier, FL
Tawas City, MI
Taylor, TX
Taylorsville, KY
Taylorsville, NC
Taylorsville, UT
Taylorville, IL
Tea, SD
Tecumseh, MI
Tecumseh, NE
Tehachapi, CA
Tekamah, NE
Tell City, IN
Telluride, CO
Temecula, CA
Tempe, AZ
Temple, TX
Terrell, TX
Terry, MT
Teutopolis, IL
Tewksbury, MA
Texarkana, AR
Texarkana, TX
Texas City, TX
The Bronx, NY
The Dalles, OR
The Villages, FL
The Woodlands, TX
Thibodaux, LA
Thief River Falls, MN
Thomaston, GA
Thomasville, AL
Thomasville, GA
Thomasville, NC
Thompson Falls, MT
Thompson, CT
Thomson, GA
Thornton, CO
Thousand Oaks, CA
Three Rivers, MI
Thurmont, MD
Tiburon, CA
Tiffin, OH
Tifton, GA
Tillamook, OR
Timberon, NM
Tinley Park, IL
Tipp City, OH
Tipton, IA
Tipton, IN
Tipton, MO
Tiptonville, TN
Titusville, PA
Toccoa, GA
Toledo, IA
Toledo, OH
Tomah, WI
Tombstone, AZ
Tompkinsville, KY
Tonganoxie, KS
Tooele, UT
Topanga, CA
Topeka, KS
Torrance, CA
Torrington, CT
Toulon, IL
Tower, MN
Townsend, MA
Towson, MD
Tracy City, TN
Tracy, CA
Tracy, MN
Traer, IA
Traverse City, MI
Trenton, IL
Trenton, MO
Trenton, NJ
Tribune, KS
Trinidad, CO
Tripp, SD
Troy, AL
Troy, MO
Troy, NC
Troy, NY
Troy, OH
Truckee, CA
Truman, MN
Trumann, AR
Trumbull, CT
Trussville, AL
Truth or Consequences, NM
Tryon, NC
Tucumcari, NM
Tulare, CA
Tullahoma, TN
Tulsa, OK
Tunkhannock, PA
Tupelo, MS
Turlock, CA
Tuscaloosa, AL
Tuskegee, AL
Twentynine Palms, CA
Twin Falls, ID
Twin Valley, MN
Twisp, WA
Two Harbors, MN
Tyler, MN
Tyler, TX
Ukiah, CA
Ulen, MN
Underwood, ND
Union City, NJ
Union City, TN
Union, MS
Union, NJ
Union, SC
Unionville, MO
University City, MO
Upper Marlboro, MD
Upper Sandusky, OH
Upper, NJ
Urbana, OH
Urbanna, VA
Utica, MI
Utica, NY
Uvalde, TX
Uxbridge, MA
Vacaville, CA
Vadnais Heights, MN
Vail, CO
Valdez, AK
Valdosta, GA
Valentine, NE
Valier, MT
Vallejo, CA
Valley Center, CA
Valley Center, KS
Valley City, ND
Valley Falls, KS
Van Buren, AR
Van Horn, TX
Van Wert, OH
Vanceburg, KY
Vancouver, WA
Vandalia, IL
Vandalia, MO
Vandalia, OH
Vanderbilt, MI
Vashon, WA
Vaughn, WA
Vermillion, SD
Vernon Hills, IL
Vernon, CT
Vernon, NJ
Verona, NJ
Versailles, IN
Versailles, KY
Vicksburg, MS
Victoria, MN
Victorville, CA
Vidalia, GA
Vienna, IL
Vienna, VA
Villa Park, IL
Villa Rica, GA
Village of Clarkston, MI
Ville Platte, LA
Vincennes, IN
Vineland, NJ
Vineyard Haven, MA
Vinings, GA
Vinton, IA
Vinton, VA
Virginia, MN
Visalia, CA
Wabash, IN
Wabasha, MN
Waco, TX
Waconia, MN
Wadena, MN
Wadesboro, NC
Wagoner, OK
Wahoo, NE
Wahpeton, ND
Wailuku, HI
Waitsburg, WA
Waitsfield, VT
Wake Forest, NC
Wakefield, MA
Waldorf, MD
Waldron, AR
Walhalla, SC
Walker, MN
Walkertown, NC
Walla Walla, WA
Walnut Creek, CA
Walnut Ridge, AR
Walpole, MA
Walsenburg, CO
Walterboro, SC
Waltham, MA
Wamego, KS
Wapakoneta, OH
Ware, MA
Wareham, MA
Warren, MI
Warren, MN
Warren, OH
Warren, RI
Warrensburg, MO
Warrenton, NC
Warrenton, VA
Warrenville, IL
Warsaw, IN
Warsaw, KY
Warsaw, MO
Warwick, RI
Waseca, MN
Washburn, ND
Washington, DC
Washington, GA
Washington, IL
Washington, MO
Washington, NC
Washington, VA
Wasilla, AK
Water Valley, MS
Waterboro, ME
Waterbury, CT
Waterford, MI
Waterloo, IA
Waterloo, IL
Watertown, CT
Watertown, MN
Watertown, NY
Watertown, SD
Watertown, WI
Waterville, ME
Watford City, ND
Watkinsville, GA
Watseka, IL
Watsonville, CA
Waukegan, IL
Waukesha, WI
Waukon, IA
Waunakee, WI
Wauneta, NE
Wausau, WI
Wautoma, WI
Waverly, IA
Waverly, NE
Waverly, OH
Waxahachie, TX
Waycross, GA
Wayland, MA
Wayland, MI
Wayne, NE
Wayne, NJ
Wayne, PA
Wayne, WV
Waynesboro, GA
Waynesboro, MS
Waynesboro, PA
Waynesboro, VA
Waynesburg, PA
Waynesville, MO
Waynesville, NC
Wayzata, MN
Weatherford, TX
Weaverville, CA
Webster City, IA
Webster Groves, MO
Webster, MA
Webster, SD
Weehawken, NJ
Weirton, WV
Weiser, ID
Wellesley, MA
Wellington, FL
Wellington, KS
Wellington, OH
Wellsboro, PA
Wellsville, NY
West Bloomfield, MI
West Boylston, MA
West Branch, IA
West Chester, PA
West Chicago, IL
West Concord, MN
West Covina, CA
West Fargo, ND
West Hartford, CT
West Haven, CT
West Jefferson, NC
West Jordan, UT
West Liberty, IA
West Memphis, AR
West Milford, NJ
West Monroe, LA
West New York, NJ
West Palm Beach, FL
West Plains, MO
West Point, MS
West Point, NE
West Sacramento, CA
West Seneca, NY
West Terre Haute, IN
West Union, IA
West Union, OH
West Unity, OH
West Valley City, UT
West Warwick, RI
West Wendover, NV
Westampton, NJ
Westborough, MA
Westbrook, ME
Westbrook, MN
Westchester, IL
Westcliffe, CO
Westerly, RI
Western Springs, IL
Westfield, IN
Westfield, MA
Westfield, NJ
Westfield, NY
Westford, MA
Westhampton, NY
Westlake, OH
Westlake, TX
Westminster, CA
Westminster, CO
Westminster, MD
Westmont, IL
Weston, CT
Weston, MA
Weston, MO
Weston, WV
Westport, CT
Westwood, MA
Westwood, NJ
Wetumpka, AL
Wharton, TX
Wheat Ridge, CO
Wheaton, IL
Wheeling, WV
White Bear Lake, MN
White Hall, AR
White Plains, NY
White River Junction, VT
White Salmon, WA
Whitefish, MT
Whitehall, MI
Whitehall, MT
Whitehouse, TX
Whitesburg, KY
Whiteville, NC
Whitley City, KY
Wichita Falls, TX
Wichita, KS
Wickenburg, AZ
Wiggins, MS
Wilber, NE
Wilbraham, MA
Wilkes-Barre, PA
Willard, OH
Willcox, AZ
Williams, AZ
Williams, CA
Williamsburg, IA
Williamsburg, VA
Williamson, WV
Williamsport, IN
Williamston, SC
Williamstown, KY
Williamsville, NY
Willimantic, CT
Williston, ND
Willits, CA
Willmar, MN
Willoughby, OH
Willow Springs, IL
Willowbrook, IL
Willows, CA
Wills Point, TX
Wilmette, IL
Wilmington, DE
Wilmington, MA
Wilmington, NC
Wilmington, OH
Wilson, NC
Wilsonville, OR
Wilton, CT
Wimberley, TX
Winchendon, MA
Winchester, IN
Winchester, KY
Winchester, MA
Winchester, TN
Winchester, VA
Winder, GA
Windom, MN
Window Rock, AZ
Windsor, CA
Windsor, CO
Winfield, IL
Winfield, IN
Winfield, KS
Winnemucca, NV
Winnetka, IL
Winnfield, LA
Winnsboro, LA
Winnsboro, SC
Winona, MN
Winsted, CT
Winsted, MN
Winston-Salem, NC
Winter Haven, FL
Winters, CA
Winterset, IA
Wiscasset, ME
Wisconsin Dells, WI
Wisconsin Rapids, WI
Woburn, MA
Wolf Point, MT
Wolfeboro, NH
Wood Dale, IL
Wood River, NE
Woodburn, OR
Woodbury, CT
Woodbury, MN
Woodbury, NJ
Woodbury, TN
Woodinville, WA
Woodland Park, CO
Woodland, CA
Woodridge, IL
Woodstock, IL
Woodward, OK
Woonsocket, RI
Wooster, OH
Worcester, MA
Worthington, MN
Wrangell, AK
Wrightsville Beach, NC
Wyalusing, PA
Wylie, TX
Wyoming, RI
Wytheville, VA
Xenia, OH
Yadkinville, NC
Yakima, WA
Yanceyville, NC
Yankton, SD
Yazoo City, MS
Yellow Springs, OH
Yerington, NV
York, ME
York, NE
York, SC
Yorkville, IL
Youngstown, OH
Yreka, CA
Yucaipa, CA
Yucca Valley, CA
Yuma, AZ
Zachary, LA
Zebulon, GA
Zebulon, NC
Zephyrhills, FL
Zionsville, IN
Zumbrota, MN